candidate,kind,style,meaning,formula,is_n_days,is_pearson_ic,is_rank_ic,is_icir,is_annual_excess,is_excess_sharpe,is_max_drawdown,is_positive_day_ratio,oos_n_days,oos_pearson_ic,oos_rank_ic,oos_icir,oos_annual_excess,oos_excess_sharpe,oos_max_drawdown,oos_positive_day_ratio,full_n_days,full_pearson_ic,full_rank_ic,full_icir,full_annual_excess,full_excess_sharpe,full_max_drawdown,full_positive_day_ratio,is_ic_rank,is_excess_rank,is_balanced_score
X3_4_5_7,cross_style_triple,X3_4_5_7,"等权合并 S4_volume_profile, S5_large_ticket_flow, S7_closing_pressure，保持叶子公式完全展开。",-0.066667 * z(F1_2_last30_mom) -0.083333 * z(F5_1_volume_hhi) -0.083333 * z(F5_2_open_vol_ratio) -0.150000 * z(F5_3_close_vol_ratio) -0.083333 * z(F6_4_large_trade_ratio) +0.066667 * z(F_COMBO_5_close_manip) -0.083333 * z(F_COMBO_7_wat) -0.083333 * z(F_COMBO_8_large_trade) -0.066667 * z(N3_close_count_ratio) -0.083333 * z(N5_log_avg_ticket) +0.083333 * z(N6_large_ticket_amount_ratio) +0.066667 * z(N8_tail_ticket_reversal),486,0.031485152471493486,0.030564922619046152,0.8873081911807703,0.4289863611843837,7.230671901276703,0.034473001559823274,0.6707818930041153,484,0.021994870719510007,0.02544112206742438,0.8254849218068868,0.21192233626648982,4.858167638339342,0.02947565551314907,0.6115702479338843,970,0.026749795391122353,0.02800830461184518,0.8542364194020245,0.320678126070713,6.103821902076157,0.034473001559823274,0.6412371134020619,0.9866666666666667,0.9866666666666667,0.9866666666666667
X2_4_5,cross_style_pair,X2_4_5,等权合并 S4_volume_profile 与 S5_large_ticket_flow，保持叶子公式完全展开。,-0.125000 * z(F5_1_volume_hhi) -0.125000 * z(F5_2_open_vol_ratio) -0.125000 * z(F5_3_close_vol_ratio) -0.125000 * z(F6_4_large_trade_ratio) -0.125000 * z(F_COMBO_7_wat) -0.125000 * z(F_COMBO_8_large_trade) -0.125000 * z(N5_log_avg_ticket) +0.125000 * z(N6_large_ticket_amount_ratio),486,0.03018088761743344,0.03861706919898781,1.0476847773676803,0.45046929655670087,7.7501562426172805,0.04034546244447974,0.7078189300411523,484,0.02792917087598218,0.040769969668044304,1.2056523708955542,0.29210052974939443,6.776311185177454,0.025475592740484443,0.6694214876033058,970,0.029057350604173224,0.03969129994849641,1.12154539116726,0.37144817992295215,7.222586080403458,0.04034546244447974,0.688659793814433,0.9333333333333333,1.0,0.9666666666666667
X3_2_6_7,cross_style_triple,X3_2_6_7,"等权合并 S2_vwap_pressure, S6_trade_count_profile, S7_closing_pressure，保持叶子公式完全展开。",-0.066667 * z(F1_2_last30_mom) -0.111111 * z(F4_1_close_vs_vwap) -0.111111 * z(F4_2_vwap_trend) -0.066667 * z(F5_3_close_vol_ratio) +0.066667 * z(F_COMBO_5_close_manip) -0.111111 * z(F_COMBO_9_smart_money_vwap) +0.066667 * z(N1_count_weighted_time) -0.066667 * z(N2_open_count_ratio) -0.133333 * z(N3_close_count_ratio) -0.066667 * z(N4_count_hhi) -0.066667 * z(N7_count_price_corr) +0.066667 * z(N8_tail_ticket_reversal),486,0.03199045028083971,0.027121955636384688,0.7037799280952978,0.37058501205722055,4.285409388063958,0.04997899085725077,0.6008230452674898,484,0.02124636603593011,0.013327872197514135,0.3511318998563795,0.05916059272028001,0.9280161095212897,0.11081384703363065,0.5041322314049587,970,0.026629484533895124,0.020239134621525566,0.5207443595771888,0.21519385849115952,2.808363616757999,0.11081384703363095,0.5525773195876289,1.0,0.9066666666666666,0.9533333333333334
X2_2_6,cross_style_pair,X2_2_6,等权合并 S2_vwap_pressure 与 S6_trade_count_profile，保持叶子公式完全展开。,-0.166667 * z(F4_1_close_vs_vwap) -0.166667 * z(F4_2_vwap_trend) -0.166667 * z(F_COMBO_9_smart_money_vwap) +0.100000 * z(N1_count_weighted_time) -0.100000 * z(N2_open_count_ratio) -0.100000 * z(N3_close_count_ratio) -0.100000 * z(N4_count_hhi) -0.100000 * z(N7_count_price_corr),486,0.03083666413034507,0.029682056976801065,0.7230548803537401,0.3731383200623107,4.349142436179684,0.050346752403395784,0.6316872427983539,484,0.024322499763709565,0.019295925762459587,0.46981781383339705,0.13957777921771528,2.1342661877454203,0.07637892659864265,0.5495867768595041,970,0.027586297580394988,0.02449969872139769,0.5919509092828392,0.25659883370273934,3.347255727781015,0.07637892659864298,0.5907216494845361,0.9733333333333334,0.9333333333333333,0.9533333333333334
X2_2_5,cross_style_pair,X2_2_5,等权合并 S2_vwap_pressure 与 S5_large_ticket_flow，保持叶子公式完全展开。,-0.166667 * z(F4_1_close_vs_vwap) -0.166667 * z(F4_2_vwap_trend) -0.125000 * z(F6_4_large_trade_ratio) -0.125000 * z(F_COMBO_8_large_trade) -0.166667 * z(F_COMBO_9_smart_money_vwap) -0.125000 * z(N5_log_avg_ticket) +0.125000 * z(N6_large_ticket_amount_ratio),486,0.030374226912296895,0.033803511290948864,0.8082930755444597,0.39735483041334063,4.7666895231095925,0.05702690111311867,0.6255144032921811,484,0.025244948837123464,0.023408721448105838,0.5738691266630345,0.15801486440297133,2.571478398847242,0.07374552791246547,0.5661157024793388,970,0.027814875790251596,0.028616832647715848,0.6873116588498924,0.27793158964115633,3.774122082650481,0.07374552791246525,0.5958762886597938,0.9466666666666667,0.96,0.9533333333333334
X3_2_5_8,cross_style_triple,X3_2_5_8,"等权合并 S2_vwap_pressure, S5_large_ticket_flow, S8_cross_modal_reversal，保持叶子公式完全展开。",-0.111111 * z(F4_1_close_vs_vwap) -0.111111 * z(F4_2_vwap_trend) -0.083333 * z(F6_4_large_trade_ratio) -0.083333 * z(F_COMBO_8_large_trade) -0.111111 * z(F_COMBO_9_smart_money_vwap) -0.111111 * z(G2_1_intraday_ret5d) -0.111111 * z(G2_3_vwap_close_mom) +0.111111 * z(G2_5_smart_money_rev) -0.083333 * z(N5_log_avg_ticket) +0.083333 * z(N6_large_ticket_amount_ratio),486,0.030641859764571996,0.032673848061400904,0.7730163480873307,0.35172147452340097,4.255667246559844,0.10469791092729194,0.6111111111111112,484,0.028124939244073523,0.02434848662406812,0.5914492110404853,0.15697964459350966,2.550070131028181,0.08913819284174579,0.5619834710743802,970,0.029385994267745952,0.02851975018957712,0.680180956168821,0.25455132433157895,3.479783354033738,0.10469791092729194,0.5865979381443299,0.96,0.88,0.9199999999999999
X2_5_7,cross_style_pair,X2_5_7,等权合并 S5_large_ticket_flow 与 S7_closing_pressure，保持叶子公式完全展开。,-0.100000 * z(F1_2_last30_mom) -0.100000 * z(F5_3_close_vol_ratio) -0.125000 * z(F6_4_large_trade_ratio) +0.100000 * z(F_COMBO_5_close_manip) -0.125000 * z(F_COMBO_8_large_trade) -0.100000 * z(N3_close_count_ratio) -0.125000 * z(N5_log_avg_ticket) +0.125000 * z(N6_large_ticket_amount_ratio) +0.100000 * z(N8_tail_ticket_reversal),486,0.028779525247532616,0.028987235228976366,0.8210668116243703,0.35209135675960324,6.2480513467108,0.03432599665280245,0.654320987654321,484,0.01851697749357003,0.02330692092731434,0.7959705245573778,0.11803059647860238,2.9930687522224177,0.05796526362590307,0.5413223140495868,970,0.023658831316689426,0.026152934072270775,0.8031450898697595,0.23530227637196982,4.7814360775010485,0.057965263625903374,0.5979381443298969,0.8933333333333333,0.8933333333333333,0.8933333333333333
X2_5_6,cross_style_pair,X2_5_6,等权合并 S5_large_ticket_flow 与 S6_trade_count_profile，保持叶子公式完全展开。,-0.125000 * z(F6_4_large_trade_ratio) -0.125000 * z(F_COMBO_8_large_trade) +0.100000 * z(N1_count_weighted_time) -0.100000 * z(N2_open_count_ratio) -0.100000 * z(N3_close_count_ratio) -0.100000 * z(N4_count_hhi) -0.125000 * z(N5_log_avg_ticket) +0.125000 * z(N6_large_ticket_amount_ratio) -0.100000 * z(N7_count_price_corr),486,0.029302319086064715,0.043591664490589085,1.1542455435075019,0.3426459271952463,5.956513463953588,0.06396462245458712,0.6378600823045267,484,0.02938973799790422,0.04914632322020275,1.4006590107277737,0.2727627515882842,6.250821278320951,0.03094701592068183,0.6797520661157025,970,0.02934593841939494,0.04636326740309735,1.2681350949752939,0.30777638390270023,6.02103364570947,0.06396462245458712,0.6587628865979381,0.9066666666666666,0.8666666666666667,0.8866666666666667
S5_large_ticket_flow,same_style,S5_large_ticket_flow,综合大额成交占比、方向性大单和平均单笔金额，检验机构式大单执行压力。,-0.250000 * z(F6_4_large_trade_ratio) -0.250000 * z(F_COMBO_8_large_trade) -0.250000 * z(N5_log_avg_ticket) +0.250000 * z(N6_large_ticket_amount_ratio),486,0.026781299394421348,0.04706134725327264,1.255317981364829,0.4101619711790611,7.397970902715563,0.04309660449726571,0.7098765432098766,484,0.02839309065044714,0.05220710209045147,1.5062753061191956,0.2600328052104566,6.246883384694906,0.05527820844326109,0.6528925619834711,970,0.027585533381964112,0.049628919769968055,1.3710833102442617,0.3352521605308089,6.804827720229659,0.055278208443261034,0.6814432989690722,0.7733333333333333,0.9733333333333334,0.8733333333333333
X2_2_4,cross_style_pair,X2_2_4,等权合并 S2_vwap_pressure 与 S4_volume_profile，保持叶子公式完全展开。,-0.166667 * z(F4_1_close_vs_vwap) -0.166667 * z(F4_2_vwap_trend) -0.125000 * z(F5_1_volume_hhi) -0.125000 * z(F5_2_open_vol_ratio) -0.125000 * z(F5_3_close_vol_ratio) -0.125000 * z(F_COMBO_7_wat) -0.166667 * z(F_COMBO_9_smart_money_vwap),486,0.029832411342187566,0.02450358664661195,0.6010769781710003,0.3082325559992432,3.3813384754209985,0.0784010358958032,0.5720164609053497,484,0.021554272514653965,0.011943656921502158,0.29190101114083084,0.0884998150054679,1.2489105594963723,0.12215989608455993,0.518595041322314,970,0.025701876092160493,0.018236570165216962,0.4413349578199323,0.19859271410131818,2.4230964987971695,0.12215989608455968,0.545360824742268,0.92,0.7866666666666666,0.8533333333333333
X2_2_3,cross_style_pair,X2_2_3,等权合并 S2_vwap_pressure 与 S3_liquidity_toxicity，保持叶子公式完全展开。,-0.166667 * z(F4_1_close_vs_vwap) -0.166667 * z(F4_2_vwap_trend) +0.125000 * z(F6_2_amihud_min) -0.125000 * z(F6_3_vpin) -0.125000 * z(F_COMBO_2_vpin_informed) +0.125000 * z(F_COMBO_4_amihud_hybrid) -0.166667 * z(F_COMBO_9_smart_money_vwap),486,0.028026242606911184,0.03866945508917929,0.9189421420116638,0.3230104863788761,4.812427964931626,0.04686699311709397,0.6481481481481481,484,0.0257345631023769,0.026634017815798987,0.6751479612405316,0.1266798648232646,2.358816598446786,0.05582406380084974,0.5289256198347108,970,0.026882765410834283,0.03266414411978128,0.7922376914339713,0.22504757830370503,3.682446267870948,0.0558240638008497,0.588659793814433,0.8666666666666667,0.8266666666666667,0.8466666666666667
X2_5_8,cross_style_pair,X2_5_8,等权合并 S5_large_ticket_flow 与 S8_cross_modal_reversal，保持叶子公式完全展开。,-0.125000 * z(F6_4_large_trade_ratio) -0.125000 * z(F_COMBO_8_large_trade) -0.166667 * z(G2_1_intraday_ret5d) -0.166667 * z(G2_3_vwap_close_mom) +0.166667 * z(G2_5_smart_money_rev) -0.125000 * z(N5_log_avg_ticket) +0.125000 * z(N6_large_ticket_amount_ratio),486,0.02822549143256041,0.03834186515218718,0.988936454528851,0.3154738869811496,5.194374334374389,0.06838567153059398,0.6337448559670782,484,0.030548340407965266,0.04114682895254302,1.074604733089738,0.2587705558551896,5.5489365972766045,0.042747323797374726,0.6549586776859504,970,0.029384521230597475,0.03974145533710701,1.0307125515301911,0.2871806784605675,5.299611927308494,0.06838567153059398,0.6443298969072165,0.88,0.8,0.8400000000000001
X3_1_2_3,cross_style_triple,X3_1_2_3,"等权合并 S1_intraday_reversal, S2_vwap_pressure, S3_liquidity_toxicity，保持叶子公式完全展开。",-0.111111 * z(F1_1_first30_mom) -0.111111 * z(F1_2_last30_mom) -0.111111 * z(F1_3_intraday_mom) -0.111111 * z(F4_1_close_vs_vwap) -0.111111 * z(F4_2_vwap_trend) +0.083333 * z(F6_2_amihud_min) -0.083333 * z(F6_3_vpin) -0.083333 * z(F_COMBO_2_vpin_informed) +0.083333 * z(F_COMBO_4_amihud_hybrid) -0.111111 * z(F_COMBO_9_smart_money_vwap),486,0.027128644835627224,0.034246927595717694,0.8093370815455755,0.33820444088430796,4.700043125137295,0.03918127478398298,0.6131687242798354,484,0.024411936167950142,0.0237685443048903,0.582144175941968,0.0843039776624038,1.39263053134056,0.06788877827516523,0.5206611570247934,970,0.025773091232373917,0.02901853840730485,0.6924180249807984,0.2115159623282238,3.157562003440554,0.06788877827516515,0.5670103092783505,0.8266666666666667,0.84,0.8333333333333333
X2_1_5,cross_style_pair,X2_1_5,等权合并 S1_intraday_reversal 与 S5_large_ticket_flow，保持叶子公式完全展开。,-0.166667 * z(F1_1_first30_mom) -0.166667 * z(F1_2_last30_mom) -0.166667 * z(F1_3_intraday_mom) -0.125000 * z(F6_4_large_trade_ratio) -0.125000 * z(F_COMBO_8_large_trade) -0.125000 * z(N5_log_avg_ticket) +0.125000 * z(N6_large_ticket_amount_ratio),486,0.024335322146944494,0.03263069905913574,0.8217311523226937,0.38114834022615074,5.315860491794601,0.046054637968537114,0.6275720164609053,484,0.02301955561013521,0.03101828029143538,0.8189430243287724,0.13135901031491268,2.604560467821342,0.054507086855890514,0.5537190082644629,970,0.023678795338887077,0.031826151962674944,0.8199669603750309,0.2565111900436361,4.103607362808822,0.05450708685589023,0.5907216494845361,0.6,0.9466666666666667,0.7733333333333333
X2_2_8,cross_style_pair,X2_2_8,等权合并 S2_vwap_pressure 与 S8_cross_modal_reversal，保持叶子公式完全展开。,-0.166667 * z(F4_1_close_vs_vwap) -0.166667 * z(F4_2_vwap_trend) -0.166667 * z(F_COMBO_9_smart_money_vwap) -0.166667 * z(G2_1_intraday_ret5d) -0.166667 * z(G2_3_vwap_close_mom) +0.166667 * z(G2_5_smart_money_rev),486,0.027284206196225413,0.02339215287069931,0.5584417143275515,0.2662246300895609,2.8944321800601216,0.12610384937406366,0.588477366255144,484,0.02359568583500047,0.010467232524440803,0.25383555908024297,0.05182516465038639,0.7963198646495354,0.11078365678507746,0.49173553719008267,970,0.02544374861392348,0.01694301735772084,0.40279511269012397,0.1592459277467151,1.9908737664224254,0.12610384937406366,0.5402061855670103,0.8533333333333334,0.6666666666666666,0.76
A_N4_count_hhi,atomic,成交笔数,分钟成交笔数HHI，刻画交易活跃度在时段上的集中程度。,-1.000000 * z(N4_count_hhi),486,0.02685701961414874,0.00910829453943229,0.2574463109019308,0.27880945290191056,4.709262024606423,0.043326421898829126,0.6172839506172839,484,0.026529131309894333,0.0196696077921708,0.5977152939748958,0.20621249930187152,4.517893844213251,0.06650168042262422,0.6012396694214877,970,0.02669341349120118,0.014378063213994598,0.41586061687908005,0.24258581832209727,4.583633623819856,0.06650168042262483,0.6092783505154639,0.8,0.7066666666666667,0.7533333333333334
X2_6_7,cross_style_pair,X2_6_7,等权合并 S6_trade_count_profile 与 S7_closing_pressure，保持叶子公式完全展开。,-0.100000 * z(F1_2_last30_mom) -0.100000 * z(F5_3_close_vol_ratio) +0.100000 * z(F_COMBO_5_close_manip) +0.100000 * z(N1_count_weighted_time) -0.100000 * z(N2_open_count_ratio) -0.200000 * z(N3_close_count_ratio) -0.100000 * z(N4_count_hhi) -0.100000 * z(N7_count_price_corr) +0.100000 * z(N8_tail_ticket_reversal),486,0.026847426088190202,0.020726382936679468,0.6756297850158618,0.27278281436330676,4.550257575875012,0.03698514305660194,0.6152263374485597,484,0.015588204584712655,0.014736196948566318,0.5277252073271148,0.07892827759807879,1.6710631159939524,0.07795401952092407,0.5165289256198347,970,0.021229422781300373,0.017737465392095173,0.6015103103275884,0.17605539601859505,3.2406919194673502,0.07795401952092418,0.565979381443299,0.7866666666666666,0.68,0.7333333333333334
X3_1_6_7,cross_style_triple,X3_1_6_7,"等权合并 S1_intraday_reversal, S6_trade_count_profile, S7_closing_pressure，保持叶子公式完全展开。",-0.111111 * z(F1_1_first30_mom) -0.177778 * z(F1_2_last30_mom) -0.111111 * z(F1_3_intraday_mom) -0.066667 * z(F5_3_close_vol_ratio) +0.066667 * z(F_COMBO_5_close_manip) +0.066667 * z(N1_count_weighted_time) -0.066667 * z(N2_open_count_ratio) -0.133333 * z(N3_close_count_ratio) -0.066667 * z(N4_count_hhi) -0.066667 * z(N7_count_price_corr) +0.066667 * z(N8_tail_ticket_reversal),486,0.025694033571440122,0.02149326168770873,0.6107741463857883,0.3044064292474329,4.116411813880484,0.042245452666804836,0.5946502057613169,484,0.01726503107459283,0.015603353260969913,0.46469318032230766,0.048128515252503716,0.8432453869406912,0.07241467773524765,0.5020661157024794,970,0.021488222016312196,0.01855437954488235,0.537481999370343,0.17653167628501462,2.65198459508027,0.07241467773524801,0.5484536082474227,0.6933333333333334,0.7733333333333333,0.7333333333333334
X2_2_7,cross_style_pair,X2_2_7,等权合并 S2_vwap_pressure 与 S7_closing_pressure，保持叶子公式完全展开。,-0.100000 * z(F1_2_last30_mom) -0.166667 * z(F4_1_close_vs_vwap) -0.166667 * z(F4_2_vwap_trend) -0.100000 * z(F5_3_close_vol_ratio) +0.100000 * z(F_COMBO_5_close_manip) -0.166667 * z(F_COMBO_9_smart_money_vwap) -0.100000 * z(N3_close_count_ratio) +0.100000 * z(N8_tail_ticket_reversal),486,0.026682833492371952,0.020249649154528055,0.5401266923675946,0.2637150978353389,2.8950097469950533,0.08576930817187396,0.588477366255144,484,0.014592289741871734,0.003417520081498029,0.09278783003824688,-0.013543723872601741,-0.2061928448473559,0.13650514140886033,0.4607438016528926,970,0.020650026095215143,0.01185093732839761,0.31101363464705367,0.1253715208181809,1.5687149831400728,0.1365051414088606,0.5247422680412371,0.76,0.6533333333333333,0.7066666666666667
S2_vwap_pressure,same_style,S2_vwap_pressure,综合收盘-VWAP偏离、上午-下午VWAP迁移和聪明钱VWAP共振，检验执行价格偏离后的修复。,-0.333333 * z(F4_1_close_vs_vwap) -0.333333 * z(F4_2_vwap_trend) -0.333333 * z(F_COMBO_9_smart_money_vwap),486,0.025292762430220075,0.02252830190315391,0.5482105490267146,0.2860374323350288,3.0772711406084303,0.08986287004804258,0.565843621399177,484,0.01786091018407075,0.006902233872393816,0.17034157028148386,0.026020640913213093,0.3781211577438268,0.11206107919404674,0.47107438016528924,970,0.02158449801049196,0.014731377236259184,0.3545466614389003,0.1562970951719785,1.9010597889943448,0.11206107919404606,0.5185567010309279,0.6666666666666666,0.72,0.6933333333333334
X2_1_6,cross_style_pair,X2_1_6,等权合并 S1_intraday_reversal 与 S6_trade_count_profile，保持叶子公式完全展开。,-0.166667 * z(F1_1_first30_mom) -0.166667 * z(F1_2_last30_mom) -0.166667 * z(F1_3_intraday_mom) +0.100000 * z(N1_count_weighted_time) -0.100000 * z(N2_open_count_ratio) -0.100000 * z(N3_close_count_ratio) -0.100000 * z(N4_count_hhi) -0.100000 * z(N7_count_price_corr),486,0.02312356821459273,0.024442583634607835,0.6333786276744393,0.3400819027461383,4.485839304472342,0.03663481941675595,0.6090534979423868,484,0.020138862056234372,0.023268411960948438,0.6197087577935965,0.16816939218358518,2.775120776738647,0.05508901826901244,0.5516528925619835,970,0.021634292152071653,0.02385670828403964,0.6265181381540004,0.25430287685719427,3.6930950441111543,0.05508901826901258,0.5804123711340207,0.52,0.8533333333333334,0.6866666666666668
X2_6_8,cross_style_pair,X2_6_8,等权合并 S6_trade_count_profile 与 S8_cross_modal_reversal，保持叶子公式完全展开。,-0.166667 * z(G2_1_intraday_ret5d) -0.166667 * z(G2_3_vwap_close_mom) +0.166667 * z(G2_5_smart_money_rev) +0.100000 * z(N1_count_weighted_time) -0.100000 * z(N2_open_count_ratio) -0.100000 * z(N3_close_count_ratio) -0.100000 * z(N4_count_hhi) -0.100000 * z(N7_count_price_corr),486,0.027248673729172092,0.028622908583826167,0.7434982811593829,0.2007342534524627,2.917415921608604,0.07147491062269774,0.5946502057613169,484,0.028195695234915875,0.03195491525449285,0.8360361889204718,0.17006241461205793,3.0095152229773316,0.05595164444481772,0.5785123966942148,970,0.02772120817121332,0.03028547686073614,0.7887569540850787,0.18542995448467312,2.944364552906075,0.07147491062269774,0.5865979381443299,0.84,0.5066666666666667,0.6733333333333333
X2_4_8,cross_style_pair,X2_4_8,等权合并 S4_volume_profile 与 S8_cross_modal_reversal，保持叶子公式完全展开。,-0.125000 * z(F5_1_volume_hhi) -0.125000 * z(F5_2_open_vol_ratio) -0.125000 * z(F5_3_close_vol_ratio) -0.125000 * z(F_COMBO_7_wat) -0.166667 * z(G2_1_intraday_ret5d) -0.166667 * z(G2_3_vwap_close_mom) +0.166667 * z(G2_5_smart_money_rev),486,0.026903126851204624,0.02201504355681944,0.5869045899222393,0.210966192827279,2.8727865320094357,0.09783431596772502,0.5905349794238683,484,0.025851183397138846,0.020719948088238505,0.5569997211965961,0.08608883870867,1.4477643464577807,0.08723368532380431,0.5103305785123967,970,0.026378239601959428,0.021368830972496585,0.5719543819771316,0.14865625530830295,2.220511842749144,0.09783431596772502,0.5505154639175258,0.8133333333333334,0.5333333333333333,0.6733333333333333
X2_4_6,cross_style_pair,X2_4_6,等权合并 S4_volume_profile 与 S6_trade_count_profile，保持叶子公式完全展开。,-0.125000 * z(F5_1_volume_hhi) -0.125000 * z(F5_2_open_vol_ratio) -0.125000 * z(F5_3_close_vol_ratio) -0.125000 * z(F_COMBO_7_wat) +0.100000 * z(N1_count_weighted_time) -0.100000 * z(N2_open_count_ratio) -0.100000 * z(N3_close_count_ratio) -0.100000 * z(N4_count_hhi) -0.100000 * z(N7_count_price_corr),486,0.0239627977690571,0.021372011094272014,0.6594162809437598,0.304288014840438,5.063698653219561,0.045686912292481424,0.6337448559670782,484,0.020667987188361513,0.023673162963165812,0.7521411023404029,0.18287417029675865,3.5207236390854098,0.07938811167907087,0.5909090909090909,970,0.02231878919064817,0.02252021470720459,0.7044713415961922,0.243706261480499,4.3283555670720135,0.07938811167907067,0.6123711340206186,0.5733333333333334,0.76,0.6666666666666667
A_F4_2_vwap_trend,atomic,VWAP偏离,下午VWAP相对上午VWAP的变化，刻画订单流推动的日内成本中枢迁移。,-1.000000 * z(F4_2_vwap_trend),486,0.023009697541565642,0.021493512583776197,0.5058458941644117,0.31891101666529353,3.4173889359584373,0.08862062561152836,0.6111111111111112,484,0.016873676549449292,0.007602459430163067,0.18234597823271537,0.07281193825231742,1.071643441317102,0.079917453436194,0.5041322314049587,970,0.0199480128403447,0.01456230668032387,0.3413315029934524,0.19611518784892196,2.391060509013846,0.08862062561152836,0.5577319587628866,0.5066666666666667,0.8133333333333334,0.66
X3_3_5_8,cross_style_triple,X3_3_5_8,"等权合并 S3_liquidity_toxicity, S5_large_ticket_flow, S8_cross_modal_reversal，保持叶子公式完全展开。",0.083333 * z(F6_2_amihud_min) -0.083333 * z(F6_3_vpin) -0.083333 * z(F6_4_large_trade_ratio) -0.083333 * z(F_COMBO_2_vpin_informed) +0.083333 * z(F_COMBO_4_amihud_hybrid) -0.083333 * z(F_COMBO_8_large_trade) -0.111111 * z(G2_1_intraday_ret5d) -0.111111 * z(G2_3_vwap_close_mom) +0.111111 * z(G2_5_smart_money_rev) -0.083333 * z(N5_log_avg_ticket) +0.083333 * z(N6_large_ticket_amount_ratio),486,0.026649602928797617,0.04887294981372393,1.2335590145939987,0.22506513754980093,4.122146445087991,0.07282906163590502,0.6275720164609053,484,0.03134864459181462,0.05174595583971183,1.423965239181973,0.186900067068947,4.661707929253172,0.044748909942541965,0.6342975206611571,970,0.02899427938745765,0.05030649096483542,1.3222785552997105,0.20602194774285937,4.298558029054089,0.07282906163590502,0.6309278350515464,0.7333333333333333,0.56,0.6466666666666667
A_F4_1_close_vs_vwap,atomic,VWAP偏离,收盘价相对全日VWAP的偏离，刻画尾盘价格与平均成交成本的距离。,-1.000000 * z(F4_1_close_vs_vwap),486,0.025058914355428636,0.02221844259570741,0.5659319107805701,0.2550244984782649,2.8078358110826795,0.08978802111646772,0.5432098765432098,484,0.016986643643527675,0.006748409157565228,0.17343827382759328,-0.004479130697880013,-0.06676911219777987,0.1438577555988479,0.47107438016528924,970,0.02103110092804713,0.014499374364716877,0.36390790514193,0.12554021340480703,1.5636420247326153,0.14385775559884817,0.5072164948453608,0.6533333333333333,0.64,0.6466666666666667
X2_4_7,cross_style_pair,X2_4_7,等权合并 S4_volume_profile 与 S7_closing_pressure，保持叶子公式完全展开。,-0.100000 * z(F1_2_last30_mom) -0.125000 * z(F5_1_volume_hhi) -0.125000 * z(F5_2_open_vol_ratio) -0.225000 * z(F5_3_close_vol_ratio) +0.100000 * z(F_COMBO_5_close_manip) -0.125000 * z(F_COMBO_7_wat) -0.100000 * z(N3_close_count_ratio) +0.100000 * z(N8_tail_ticket_reversal),486,0.023530092597039014,0.012888420017572282,0.43579516151268977,0.30381194345937357,4.847170077297441,0.05726828476744593,0.5946502057613169,484,0.0111632929690057,0.0029802264429717694,0.10720845530706742,0.021881464259148768,0.4416723357178423,0.1323828657133062,0.49793388429752067,970,0.017359442060989404,0.00794453786282316,0.27276033901467545,0.1631373538378181,2.8517627127381093,0.13238286571330604,0.5463917525773195,0.5466666666666666,0.7466666666666667,0.6466666666666667
A_F_COMBO_9_smart_money_vwap,atomic,显式分钟组合,上涨分钟成交量占比与收盘VWAP偏离相乘，刻画买方订单流与价格偏离共振。,-1.000000 * z(F_COMBO_9_smart_money_vwap),486,0.025030775999451478,0.020863862479739582,0.5331285017880057,0.23886713443025273,2.6291362711733317,0.10979371289111586,0.5493827160493827,484,0.01856136532649971,0.0056576236538973266,0.14558411260979862,0.016031557104986924,0.23773721447086807,0.11974634141445722,0.47520661157024796,970,0.021802740158514716,0.013276419601690459,0.3341416288938623,0.12767907316692423,1.589253845903473,0.11974634141445728,0.5123711340206185,0.64,0.6133333333333333,0.6266666666666667
X2_1_2,cross_style_pair,X2_1_2,等权合并 S1_intraday_reversal 与 S2_vwap_pressure，保持叶子公式完全展开。,-0.166667 * z(F1_1_first30_mom) -0.166667 * z(F1_2_last30_mom) -0.166667 * z(F1_3_intraday_mom) -0.166667 * z(F4_1_close_vs_vwap) -0.166667 * z(F4_2_vwap_trend) -0.166667 * z(F_COMBO_9_smart_money_vwap),486,0.024697898863336686,0.023408359917547514,0.5662739103329842,0.25020063246952595,2.810220595888537,0.07325407638640954,0.5637860082304527,484,0.018758260650424286,0.011481716245056221,0.2790932697479083,0.040527999272086224,0.5848208044051088,0.09535457218016806,0.493801652892562,970,0.021734203095244313,0.01745733359024258,0.4189657170118305,0.1455804732246179,1.8180804934722126,0.09535457218016835,0.5288659793814433,0.6133333333333333,0.6266666666666667,0.62
X2_1_4,cross_style_pair,X2_1_4,等权合并 S1_intraday_reversal 与 S4_volume_profile，保持叶子公式完全展开。,-0.166667 * z(F1_1_first30_mom) -0.166667 * z(F1_2_last30_mom) -0.166667 * z(F1_3_intraday_mom) -0.125000 * z(F5_1_volume_hhi) -0.125000 * z(F5_2_open_vol_ratio) -0.125000 * z(F5_3_close_vol_ratio) -0.125000 * z(F_COMBO_7_wat),486,0.022842643895725854,0.019607991613610067,0.5228800259135329,0.2967922773698408,3.7365099480525683,0.05200283228438965,0.5720164609053497,484,0.018126926629174794,0.016194711689684792,0.437918557698266,0.0894231136512555,1.353811604594027,0.08992344476509836,0.512396694214876,970,0.02048964682664264,0.017904870496929823,0.4802671418858502,0.19332147815355705,2.635391122246837,0.08992344476509884,0.5422680412371134,0.48,0.7333333333333333,0.6066666666666667
A_N5_log_avg_ticket,atomic,成交笔数,全天平均单笔金额的对数，刻画订单规模结构。,-1.000000 * z(N5_log_avg_ticket),486,0.015859430157947906,0.04114311910946661,1.2724957655651092,0.37223855707013603,6.828931108838247,0.10523602577177427,0.6790123456790124,484,0.024567379311326278,0.05448958215554928,1.503779655771994,0.36239584283010695,7.375136639167167,0.09306523550003454,0.6466942148760331,970,0.020204427467468665,0.047802591392254255,1.3666556121239495,0.367327347078204,7.077694671671988,0.10523602577177427,0.6628865979381443,0.28,0.92,0.6000000000000001
X2_3_7,cross_style_pair,X2_3_7,等权合并 S3_liquidity_toxicity 与 S7_closing_pressure，保持叶子公式完全展开。,-0.100000 * z(F1_2_last30_mom) -0.100000 * z(F5_3_close_vol_ratio) +0.125000 * z(F6_2_amihud_min) -0.125000 * z(F6_3_vpin) -0.125000 * z(F_COMBO_2_vpin_informed) +0.125000 * z(F_COMBO_4_amihud_hybrid) +0.100000 * z(F_COMBO_5_close_manip) -0.100000 * z(N3_close_count_ratio) +0.100000 * z(N8_tail_ticket_reversal),486,0.02530259175380023,0.041801762910353396,1.2155350190734102,0.19739777996575678,3.662725724664657,0.06307735078392135,0.6049382716049383,484,0.020639132834085906,0.03314840960055142,1.0544148411637635,0.09355013303045898,2.3146481397147767,0.06413821946353114,0.5599173553719008,970,0.022975669983551023,0.03748400723824602,1.1279275873618642,0.14558101592793807,3.0481178957700967,0.06413821946353082,0.5824742268041238,0.68,0.49333333333333335,0.5866666666666667
X2_3_5,cross_style_pair,X2_3_5,等权合并 S3_liquidity_toxicity 与 S5_large_ticket_flow，保持叶子公式完全展开。,0.125000 * z(F6_2_amihud_min) -0.125000 * z(F6_3_vpin) -0.125000 * z(F6_4_large_trade_ratio) -0.125000 * z(F_COMBO_2_vpin_informed) +0.125000 * z(F_COMBO_4_amihud_hybrid) -0.125000 * z(F_COMBO_8_large_trade) -0.125000 * z(N5_log_avg_ticket) +0.125000 * z(N6_large_ticket_amount_ratio),486,0.023774888001349376,0.05213419891614954,1.3213634488202348,0.2370298449871848,4.329498559209128,0.07593041730216127,0.6255144032921811,484,0.02927822516866063,0.05513262439041955,1.5836996961653977,0.17672379057274817,4.412891071554322,0.04924191144887413,0.609504132231405,970,0.02652088304153355,0.053630320493001794,1.4400826613375037,0.2069389889700845,4.30972012526289,0.07593041730216127,0.6175257731958763,0.56,0.6,0.5800000000000001
X2_7_8,cross_style_pair,X2_7_8,等权合并 S7_closing_pressure 与 S8_cross_modal_reversal，保持叶子公式完全展开。,-0.100000 * z(F1_2_last30_mom) -0.100000 * z(F5_3_close_vol_ratio) +0.100000 * z(F_COMBO_5_close_manip) -0.166667 * z(G2_1_intraday_ret5d) -0.166667 * z(G2_3_vwap_close_mom) +0.166667 * z(G2_5_smart_money_rev) -0.100000 * z(N3_close_count_ratio) +0.100000 * z(N8_tail_ticket_reversal),486,0.02652947850439855,0.020141576042471295,0.6108723848322403,0.15369725549702756,1.9924332472288258,0.11872057638965529,0.5761316872427984,484,0.0205722762445688,0.010466663245590414,0.32560680749927884,-0.04972009931895508,-0.8809518271706539,0.16632026523365767,0.45661157024793386,970,0.023557018820112366,0.015314093780934856,0.4652010042391096,0.05219828670224859,0.7685998430770803,0.1663202652336578,0.5164948453608248,0.72,0.41333333333333333,0.5666666666666667
S4_volume_profile,same_style,S4_volume_profile,综合成交量集中度、开收盘成交量占比和成交量加权时点，检验交易时段结构。,-0.250000 * z(F5_1_volume_hhi) -0.250000 * z(F5_2_open_vol_ratio) -0.250000 * z(F5_3_close_vol_ratio) -0.250000 * z(F_COMBO_7_wat),486,0.02127531918545185,0.015391662506918832,0.5199340177587137,0.27555624921025,4.653298637031807,0.04830966573214185,0.6419753086419753,484,0.016414014251648068,0.013699370322104788,0.46594111061647797,0.15302123363965797,3.0942327995241583,0.0725861921671476,0.5888429752066116,970,0.01884967837312089,0.014547261045630174,0.492879917709242,0.2144150661832742,3.919703928047009,0.07258619216714801,0.6154639175257732,0.41333333333333333,0.6933333333333334,0.5533333333333333
X3_3_6_8,cross_style_triple,X3_3_6_8,"等权合并 S3_liquidity_toxicity, S6_trade_count_profile, S8_cross_modal_reversal，保持叶子公式完全展开。",0.083333 * z(F6_2_amihud_min) -0.083333 * z(F6_3_vpin) -0.083333 * z(F_COMBO_2_vpin_informed) +0.083333 * z(F_COMBO_4_amihud_hybrid) -0.111111 * z(G2_1_intraday_ret5d) -0.111111 * z(G2_3_vwap_close_mom) +0.111111 * z(G2_5_smart_money_rev) +0.066667 * z(N1_count_weighted_time) -0.066667 * z(N2_open_count_ratio) -0.066667 * z(N3_close_count_ratio) -0.066667 * z(N4_count_hhi) -0.066667 * z(N7_count_price_corr),486,0.02666492712884584,0.0444881744036241,1.1098111429249926,0.08359662660166846,1.5669238704350075,0.10635306207790254,0.5823045267489712,484,0.030808484238842103,0.04682979538559953,1.2790247882152113,0.14395490921300724,3.7179248447771416,0.04278914851112997,0.5971074380165289,970,0.02873243397548315,0.04565657085236235,1.188642787922167,0.11371354287371792,2.4367221197470528,0.10635306207790254,0.5896907216494846,0.7466666666666667,0.30666666666666664,0.5266666666666666
X3_1_3_8,cross_style_triple,X3_1_3_8,"等权合并 S1_intraday_reversal, S3_liquidity_toxicity, S8_cross_modal_reversal，保持叶子公式完全展开。",-0.111111 * z(F1_1_first30_mom) -0.111111 * z(F1_2_last30_mom) -0.111111 * z(F1_3_intraday_mom) +0.083333 * z(F6_2_amihud_min) -0.083333 * z(F6_3_vpin) -0.083333 * z(F_COMBO_2_vpin_informed) +0.083333 * z(F_COMBO_4_amihud_hybrid) -0.111111 * z(G2_1_intraday_ret5d) -0.111111 * z(G2_3_vwap_close_mom) +0.111111 * z(G2_5_smart_money_rev),486,0.0241292451873964,0.03563908993843826,0.8768422254191812,0.16424172761830994,2.844291511106076,0.0592705044032617,0.5864197530864198,484,0.02648393648269848,0.032042898233117074,0.8236913354090767,0.09408669071987759,2.029606372448531,0.06568529104474087,0.5743801652892562,970,0.025304163318248158,0.03384470149990687,0.8498321923690414,0.12923653394940143,2.46541289645427,0.06568529104474097,0.5804123711340207,0.5866666666666667,0.4533333333333333,0.52
S6_trade_count_profile,same_style,S6_trade_count_profile,综合成交笔数时点、集中度和价格相关性，直接利用题目提供的成交笔数字段。,0.200000 * z(N1_count_weighted_time) -0.200000 * z(N2_open_count_ratio) -0.200000 * z(N3_close_count_ratio) -0.200000 * z(N4_count_hhi) -0.200000 * z(N7_count_price_corr),486,0.022069236400662034,0.025053071448317105,0.7796787805942466,0.23231844343161373,4.039540588998652,0.035294771715038455,0.5946502057613169,484,0.021191078185032967,0.03045793709918431,0.9731248757799698,0.16354120146480708,3.435105109391572,0.07054571655350905,0.5743801652892562,970,0.021631062610595574,0.027749932247306514,0.8716980841156727,0.19800072682137207,3.746638338812342,0.07054571655350905,0.5845360824742268,0.4533333333333333,0.5866666666666667,0.52
X2_3_4,cross_style_pair,X2_3_4,等权合并 S3_liquidity_toxicity 与 S4_volume_profile，保持叶子公式完全展开。,-0.125000 * z(F5_1_volume_hhi) -0.125000 * z(F5_2_open_vol_ratio) -0.125000 * z(F5_3_close_vol_ratio) +0.125000 * z(F6_2_amihud_min) -0.125000 * z(F6_3_vpin) -0.125000 * z(F_COMBO_2_vpin_informed) +0.125000 * z(F_COMBO_4_amihud_hybrid) -0.125000 * z(F_COMBO_7_wat),486,0.024715419825030248,0.043137973464591674,1.1263567025414907,0.1352609705013345,2.4236433957741146,0.0792880054932782,0.5987654320987654,484,0.027596116338147268,0.041497939581576014,1.2721483342903654,0.11631943996417604,3.1179083313192977,0.06353311097679006,0.5723140495867769,970,0.026152798291369052,0.042319647279664266,1.189145469037816,0.12580973258382452,2.649151093053346,0.0792880054932782,0.5855670103092784,0.6266666666666667,0.38666666666666666,0.5066666666666667
X2_1_3,cross_style_pair,X2_1_3,等权合并 S1_intraday_reversal 与 S3_liquidity_toxicity，保持叶子公式完全展开。,-0.166667 * z(F1_1_first30_mom) -0.166667 * z(F1_2_last30_mom) -0.166667 * z(F1_3_intraday_mom) +0.125000 * z(F6_2_amihud_min) -0.125000 * z(F6_3_vpin) -0.125000 * z(F_COMBO_2_vpin_informed) +0.125000 * z(F_COMBO_4_amihud_hybrid),486,0.021449275242366506,0.03865701720795905,0.9446121796868266,0.22666728832733057,3.8053427245420575,0.06209839605664852,0.6069958847736625,484,0.02343832776689329,0.03457103524202216,0.9197113882300493,0.0726572179828358,1.560037025343981,0.09443930982991502,0.5413223140495868,970,0.02244175093501698,0.03661823857753281,0.9306193014855537,0.1498210264234796,2.7899402305353562,0.09443930982991494,0.5742268041237113,0.4266666666666667,0.5733333333333334,0.5
X2_1_8,cross_style_pair,X2_1_8,等权合并 S1_intraday_reversal 与 S8_cross_modal_reversal，保持叶子公式完全展开。,-0.166667 * z(F1_1_first30_mom) -0.166667 * z(F1_2_last30_mom) -0.166667 * z(F1_3_intraday_mom) -0.166667 * z(G2_1_intraday_ret5d) -0.166667 * z(G2_3_vwap_close_mom) +0.166667 * z(G2_5_smart_money_rev),486,0.02294344585578353,0.02132334210384399,0.5335341562040601,0.16265302778121457,1.9423582248947966,0.11586219830616046,0.5349794238683128,484,0.022657729072727516,0.017082937125436126,0.4223520405610876,0.030872376891218502,0.4923607187191571,0.12749041323141655,0.47107438016528924,970,0.022800882017640113,0.01920751116616419,0.4770538873615336,0.09689855867734024,1.307465482091958,0.12749041323141685,0.5030927835051546,0.49333333333333335,0.44,0.4666666666666667
A_F1_3_intraday_mom,atomic,日内价格,从开盘到收盘的日内收益，刻画当日订单流推动的价格偏离。,-1.000000 * z(F1_3_intraday_mom),486,0.02066871788070953,0.02246924566276822,0.5054117107769611,0.20878675675559655,2.3078040073343544,0.07639744427371262,0.5349794238683128,484,0.019208310240661608,0.015615901801466457,0.35923852552259705,0.06696653916962249,0.8985794583478586,0.0743596630669377,0.5020661157024794,970,0.01994001963557222,0.019049639035067133,0.43195966703292493,0.13802285437249198,1.6625392869348088,0.07639744427371262,0.5185567010309279,0.4,0.52,0.46
S1_intraday_reversal,same_style,S1_intraday_reversal,对早盘、尾盘和全天价格压力做反向处理，检验短期订单失衡后的价格修复。,-0.333333 * z(F1_1_first30_mom) -0.333333 * z(F1_2_last30_mom) -0.333333 * z(F1_3_intraday_mom),486,0.017698895222282993,0.018793865735627004,0.495453537550286,0.21805680247445258,2.722002738502578,0.06563338531113776,0.5432098765432098,484,0.014566319070535466,0.014326658217584136,0.3789522064379595,0.013963483953132221,0.216087121532519,0.10257519234921356,0.4669421487603306,970,0.016135836606359484,0.016564867345180867,0.43666091693148085,0.11622054869680407,1.590341285491704,0.10257519234921392,0.5051546391752577,0.3333333333333333,0.5466666666666666,0.43999999999999995
X2_3_6,cross_style_pair,X2_3_6,等权合并 S3_liquidity_toxicity 与 S6_trade_count_profile，保持叶子公式完全展开。,0.125000 * z(F6_2_amihud_min) -0.125000 * z(F6_3_vpin) -0.125000 * z(F_COMBO_2_vpin_informed) +0.125000 * z(F_COMBO_4_amihud_hybrid) +0.100000 * z(N1_count_weighted_time) -0.100000 * z(N2_open_count_ratio) -0.100000 * z(N3_close_count_ratio) -0.100000 * z(N4_count_hhi) -0.100000 * z(N7_count_price_corr),486,0.023243667629402446,0.04600607509525406,1.1784043945542237,0.09701810809617974,1.855717434976095,0.11079976359291072,0.5699588477366255,484,0.02804383282975462,0.047938773181479474,1.4072657020683725,0.1158080355571272,3.184332876651305,0.0493289203230597,0.5764462809917356,970,0.025638801605660646,0.04697043166611292,1.2814014383376438,0.10639370076741538,2.3615314143201993,0.11079976359291072,0.5731958762886598,0.5333333333333333,0.3333333333333333,0.43333333333333335
X2_1_7,cross_style_pair,X2_1_7,等权合并 S1_intraday_reversal 与 S7_closing_pressure，保持叶子公式完全展开。,-0.166667 * z(F1_1_first30_mom) -0.266667 * z(F1_2_last30_mom) -0.166667 * z(F1_3_intraday_mom) -0.100000 * z(F5_3_close_vol_ratio) +0.100000 * z(F_COMBO_5_close_manip) -0.100000 * z(N3_close_count_ratio) +0.100000 * z(N8_tail_ticket_reversal),486,0.020548423354812904,0.014570373589909995,0.4361139518371482,0.1719602872891458,2.2178187220509917,0.089823019452219,0.5432098765432098,484,0.010757395486503714,0.0058107019877295584,0.1820686071124806,-0.07922323252754634,-1.3727534850103054,0.21791363052718257,0.43388429752066116,970,0.015663003263821515,0.010199568378100375,0.30940996496757717,0.04662747946308501,0.6774670217307494,0.21791363052718252,0.488659793814433,0.38666666666666666,0.4666666666666667,0.42666666666666664
A_G2_1_intraday_ret5d,atomic,分钟×基础行情,日内方向与5日收益同向时保留交互，刻画短期趋势确认。,-1.000000 * z(G2_1_intraday_ret5d),486,0.025826431213758865,0.041125816410751075,0.8539250941669088,-0.06362597591106667,-1.0282232566045737,0.21509381159111884,0.4711934156378601,484,0.0336854802012533,0.04599387866692831,1.1727700362957012,0.05587048496298838,1.3250003338084277,0.051334850994721085,0.5165289256198347,970,0.029747853595147842,0.043554828917957034,0.9900105908391452,-0.0040009377017443575,-0.07534288977854477,0.24513046145134954,0.49381443298969074,0.7066666666666667,0.12,0.41333333333333333
S8_cross_modal_reversal,same_style,S8_cross_modal_reversal,把分钟订单流和基础行情的短期收益结合，检验日内确认与短期反转。,-0.333333 * z(G2_1_intraday_ret5d) -0.333333 * z(G2_3_vwap_close_mom) +0.333333 * z(G2_5_smart_money_rev),486,0.02181365881442,0.018165311250198646,0.4575077686401882,0.0730863971826477,0.8319463325640264,0.1340811338129627,0.49588477366255146,484,0.02424918026209545,0.017491773916049492,0.43620711347347696,-0.021892271893719114,-0.3473925643384849,0.16370830102925643,0.4855371900826446,970,0.023028908691404452,0.01782923695150979,0.44680533577035525,0.025694978798151275,0.3357352093364076,0.1637083010292565,0.49072164948453606,0.44,0.29333333333333333,0.3666666666666667
A_G2_5_smart_money_rev,atomic,分钟×基础行情,上涨分钟成交量占比乘以1日反转，刻画订单流确认后的价格修复。,1.000000 * z(G2_5_smart_money_rev),486,0.018414134451798483,0.017272820160159814,0.3873638173680599,0.10833859940547959,1.139968590827209,0.12378343864027908,0.5041152263374485,484,0.01775585721966647,0.009863210346016739,0.22128450207206798,0.02578198658094539,0.32526280607097247,0.16986872646697398,0.5020661157024794,970,0.01808567447205426,0.013575654026092548,0.3034662387052591,0.06714540290334087,0.7668332156220926,0.16986872646697426,0.5030927835051546,0.36,0.37333333333333335,0.3666666666666667
X2_3_8,cross_style_pair,X2_3_8,等权合并 S3_liquidity_toxicity 与 S8_cross_modal_reversal，保持叶子公式完全展开。,0.125000 * z(F6_2_amihud_min) -0.125000 * z(F6_3_vpin) -0.125000 * z(F_COMBO_2_vpin_informed) +0.125000 * z(F_COMBO_4_amihud_hybrid) -0.166667 * z(G2_1_intraday_ret5d) -0.166667 * z(G2_3_vwap_close_mom) +0.166667 * z(G2_5_smart_money_rev),486,0.022410198790873925,0.04042010782171112,0.9987877189554155,0.042121530758096645,0.7320255352814079,0.13901107613932978,0.5205761316872428,484,0.027771432839053894,0.0413436798787264,1.1487987578426304,0.14001980629721503,3.5474607805175786,0.06640823974125122,0.5929752066115702,970,0.025085288769553415,0.040880941714077516,1.0673353048302334,0.09096974247039902,1.8394301412531529,0.13901107613932978,0.5567010309278351,0.4666666666666667,0.22666666666666666,0.3466666666666667
A_F5_1_volume_hhi,atomic,成交分布,分钟成交量HHI，刻画成交是否集中于少数时点。,-1.000000 * z(F5_1_volume_hhi),486,0.019795300916713027,-0.005534621796764203,-0.16271036701952943,0.06957556436444387,1.266970650599525,0.10933229533871686,0.5164609053497943,484,0.01848948325881934,0.006657370823296506,0.20984164356865764,0.03624159774445499,0.7865409300336579,0.11426829110854034,0.5247933884297521,970,0.019143738291537208,0.0005488054487093873,0.016405350912446288,0.05294294596849066,1.0440531211555182,0.11426829110854017,0.520618556701031,0.37333333333333335,0.28,0.32666666666666666
A_F_COMBO_8_large_trade,atomic,显式分钟组合,大额成交占比与日内方向结合，刻画大单推动。,-1.000000 * z(F_COMBO_8_large_trade),486,0.013231854628134735,0.01721797313144868,0.46297621449000065,0.14237167460661504,2.3733144185680763,0.10857976241393766,0.5925925925925926,484,0.009239565947913505,0.01179109185517888,0.35468443368264807,0.06066717879644735,1.2992243174102813,0.05932900863515321,0.512396694214876,970,0.01123982604955012,0.014510127216279008,0.41011868100868676,0.10160365814051074,1.8874948053053766,0.10857976241393766,0.5525773195876289,0.22666666666666666,0.4,0.31333333333333335
A_F_COMBO_1_opening_confirm,atomic,显式分钟组合,早盘与尾盘同方向时保留开盘驱动，检验全天方向确认。,-1.000000 * z(F_COMBO_1_opening_confirm),486,0.01176769397209592,0.00938134164002524,0.3703214544773033,0.15467444030379754,2.610599494014933,0.09862149851978713,0.5390946502057613,484,0.005995820953974604,0.007610844672009284,0.2951336731581665,-0.13184356900232314,-2.967250778664945,0.25719017303984065,0.43388429752066116,970,0.008887707847590026,0.008497918410623466,0.33225824139909893,0.011710815041774434,0.2202924999054316,0.27128393469797857,0.4865979381443299,0.2,0.4266666666666667,0.31333333333333335
A_F1_2_last30_mom,atomic,日内价格,收盘前30分钟收益，反映尾盘调仓和集中执行造成的价格压力。,-1.000000 * z(F1_2_last30_mom),486,0.015352797169195173,0.010921722059527227,0.4141879661209706,0.09918380884958625,1.4909051357670575,0.07423217699049726,0.5102880658436214,484,0.004563425439034077,0.0019203403272590343,0.07685702524523134,-0.21156258890033033,-4.387083385811471,0.41254159286545916,0.36983471074380164,970,0.009969234367753967,0.0064303109683748515,0.24656606305223333,-0.055869032914289664,-0.9478383386642025,0.43150620312837235,0.4402061855670103,0.25333333333333335,0.36,0.30666666666666664
S3_liquidity_toxicity,same_style,S3_liquidity_toxicity,综合分钟Amihud、VPIN及其异常变化，检验流动性冲击和订单流毒性。,0.250000 * z(F6_2_amihud_min) -0.250000 * z(F6_3_vpin) -0.250000 * z(F_COMBO_2_vpin_informed) +0.250000 * z(F_COMBO_4_amihud_hybrid),486,0.016585184444176053,0.04248162893089504,1.0481657887761715,0.06369649210530381,1.117593903415009,0.13560925162449466,0.5349794238683128,484,0.023438877530415604,0.043461791090300024,1.2630939243883645,0.1249845549245755,3.1195090490776747,0.08069695031845509,0.5723140495867769,970,0.020004965324320324,0.042970699534144535,1.1427317139083217,0.09427733994502288,1.9116287610011204,0.13560925162449466,0.5536082474226804,0.32,0.26666666666666666,0.29333333333333333
A_N8_tail_ticket_reversal,atomic,成交笔数,尾盘收益反向乘以尾盘平均单笔金额相对全天水平，刻画尾盘大单压力后的修复。,1.000000 * z(N8_tail_ticket_reversal),486,0.015542618063202859,0.01085981923453765,0.4099931634335527,0.08733361494593221,1.3183765284735083,0.09976518568224964,0.5102880658436214,484,0.004936006855805222,0.0018588399144284162,0.07448220428298002,-0.2117705824376172,-4.645906698122782,0.4096275183753792,0.365702479338843,970,0.010250247110233316,0.006368608934606857,0.2437667246494793,-0.06191012890317902,-1.0736900560782885,0.44772408347097903,0.4381443298969072,0.26666666666666666,0.32,0.29333333333333333
A_F6_2_amihud_min,atomic,流动性,分钟收益绝对值相对分钟成交额的均值，刻画单位资金推动价格的能力。,1.000000 * z(F6_2_amihud_min),486,0.009053994507714,0.039228454340887,1.1582802941524433,0.1957460805604096,3.0210496153029767,0.12697340849555305,0.602880658436214,484,0.006571813003306924,0.03167835620818214,0.8537612644114005,0.1456130889019229,3.0273171589861025,0.17495959790089227,0.5661157024793388,970,0.007815462705515006,0.03546118888085694,0.9927615258543541,0.17073126822772136,2.9900521738590626,0.174959597900893,0.5845360824742268,0.10666666666666667,0.48,0.29333333333333333
A_G2_3_vwap_close_mom,atomic,分钟×基础行情,收盘VWAP偏离与5日收益相乘，刻画短期趋势与执行价格共振。,-1.000000 * z(G2_3_vwap_close_mom),486,0.016450182288633243,0.01052011058565064,0.27005437193389153,0.03673750726424642,0.46076281135121083,0.12662406393249676,0.5020576131687243,484,0.018417959461748994,0.010187721753566734,0.2997167522181298,-0.11192377047053564,-1.9336654922267946,0.2587924040782881,0.4359504132231405,970,0.017432042238930173,0.010354258838507744,0.2831880246746294,-0.037439872553933495,-0.5360087920927918,0.25879240407828813,0.4690721649484536,0.29333333333333333,0.21333333333333335,0.25333333333333335
A_F_COMBO_2_vpin_informed,atomic,显式分钟组合,VPIN相对20日均值的变化，检验订单流毒性是否异常。,-1.000000 * z(F_COMBO_2_vpin_informed),485,0.018034578869369645,0.014427846723831812,0.32790373397032946,-0.058368082155459376,-0.6736836854116558,0.3053072739082486,0.4639175257731959,484,0.022397690305125374,0.015281419174940622,0.4244239928675214,0.0181792275189374,0.2954581253575257,0.26269717607775217,0.49173553719008267,969,0.020213883239757435,0.01485419250952496,0.3694311474176213,-0.02013392541406822,-0.26776426498803785,0.48829365786586765,0.47781217750258,0.3466666666666667,0.13333333333333333,0.24
A_N6_large_ticket_amount_ratio,atomic,成交笔数,高于两倍分钟中位单笔金额的成交额占比，刻画大单资金参与。,1.000000 * z(N6_large_ticket_amount_ratio),486,0.01401111885354556,0.04458489942539679,1.2313770045446917,0.04425904058652041,0.7827409359991239,0.0957783139946845,0.51440329218107,484,0.011188642454127573,0.03427841737121737,1.1019760827556973,-0.06417552081139796,-1.6050902862112768,0.16676792981669608,0.4318181818181818,970,0.012602790423320501,0.03944228363753819,1.1549841406069699,-0.009846451904812056,-0.20051839509011937,0.2200221222855511,0.4731958762886598,0.24,0.24,0.24
A_F_COMBO_4_amihud_hybrid,atomic,显式分钟组合,分钟Amihud相对20日均值的变化，检验流动性冲击。,1.000000 * z(F_COMBO_4_amihud_hybrid),486,0.009535303751191052,0.024643039237558867,0.6022067067203652,0.09794089495795355,1.7843563253701347,0.0989242818410853,0.5740740740740741,484,0.012415057987031039,0.027972347768984746,0.8088517898558721,0.10973136953387254,2.787261418115861,0.07673968218309414,0.5475206611570248,970,0.010972212050311209,0.026304261226435283,0.6935340361645115,0.10382397711748426,2.1729328907251872,0.0989242818410853,0.5608247422680412,0.12,0.3466666666666667,0.23333333333333334
S7_closing_pressure,same_style,S7_closing_pressure,综合尾盘收益、尾盘量、尾盘异常和尾盘单笔金额，检验收盘前集中交易后的修复。,-0.200000 * z(F1_2_last30_mom) -0.200000 * z(F5_3_close_vol_ratio) +0.200000 * z(F_COMBO_5_close_manip) -0.200000 * z(N3_close_count_ratio) +0.200000 * z(N8_tail_ticket_reversal),486,0.016460376958830486,0.002133306527819441,0.07076418754487726,-0.08604404067292983,-1.017560439299304,0.3288871980609639,0.4711934156378601,484,0.0014281524180184838,-0.011733328620420728,-0.4732873294992161,-0.3673636205596561,-6.636938808299299,0.7138655410955753,0.3409090909090909,970,0.008959761827126354,-0.004785715546147818,-0.16814399933605204,-0.22641381043084277,-3.1427076607297972,0.9710663207044646,0.4061855670103093,0.30666666666666664,0.10666666666666667,0.20666666666666667
A_F5_3_close_vol_ratio,atomic,成交分布,后30分钟成交量占比，刻画尾盘调仓和集中执行。,-1.000000 * z(F5_3_close_vol_ratio),486,0.009026449731096486,-0.0012085779516734431,-0.03946789394100621,0.046043514957383735,0.5960222574258501,0.2512378109527294,0.51440329218107,484,-0.0021349474667604605,-0.0141552648675731,-0.5342899926706008,-0.2398878812812561,-4.478736922903697,0.47370319907787,0.3822314049586777,970,0.00345725772721735,-0.007668574309709973,-0.26120028555348196,-0.09662740852663865,-1.439916026281101,0.5027729848393536,0.4484536082474227,0.09333333333333334,0.25333333333333335,0.17333333333333334
A_N3_close_count_ratio,atomic,成交笔数,后30分钟成交笔数占比，刻画尾盘交易参与度。,-1.000000 * z(N3_close_count_ratio),486,0.009613250982515151,-0.0032173490308350493,-0.09790238253556717,-0.0020984833817738187,-0.027498584928459326,0.26538980949616064,0.4691358024691358,484,-0.0028307238764206243,-0.019066020129326643,-0.6717485302492062,-0.29680270082483556,-5.521457693595199,0.5739072709524943,0.34297520661157027,970,0.0034040923931080223,-0.011125345743896835,-0.3507900194109196,-0.14914677332243556,-2.2367006442611843,0.6714111168760077,0.4061855670103093,0.13333333333333333,0.17333333333333334,0.15333333333333332
A_F5_2_open_vol_ratio,atomic,成交分布,前30分钟成交量占比，刻画早盘信息到达和抢跑交易。,-1.000000 * z(F5_2_open_vol_ratio),486,0.011727940976050342,0.01841885632691077,0.6012620135754873,-0.15297286989854764,-2.838309471812867,0.343617713711706,0.411522633744856,484,0.011379959368790578,0.016052404123943518,0.5242695264568858,-0.05044468050882719,-1.0977090754640202,0.13729496422395723,0.4462809917355372,970,0.01155430891634547,0.0172380698668735,0.5624349918130235,-0.10181447436800672,-2.028347916829461,0.4672455959664026,0.4288659793814433,0.18666666666666668,0.08,0.13333333333333333
A_N2_open_count_ratio,atomic,成交笔数,前30分钟成交笔数占比，刻画早盘交易参与度。,-1.000000 * z(N2_open_count_ratio),486,0.011277164894873836,0.020125978515175544,0.6949892003773591,-0.152893582645604,-2.865460644967996,0.3953379258897754,0.4094650205761317,484,0.01692143776565634,0.029359736420233633,0.9252798326543554,-0.0030168376694506786,-0.06557572190702154,0.09341897744356442,0.493801652892562,970,0.014093482492253973,0.024733338129658135,0.8050603245535483,-0.07810972226575018,-1.5606433851913908,0.40116568152476495,0.4515463917525773,0.16,0.09333333333333334,0.12666666666666668
A_F6_3_vpin,atomic,订单流,成交量加权绝对分钟收益相对成交量平方和，刻画订单流毒性。,-1.000000 * z(F6_3_vpin),486,0.012471823720857755,0.04978328517122842,1.4114040469871858,-0.490978631895881,-9.141715008162858,0.961875022458112,0.25308641975308643,484,0.026667604776867516,0.061011537964196734,1.6776849310778175,-0.1027814353458546,-2.4678582031981735,0.22192692883968715,0.45454545454545453,970,0.0195550794230317,0.05538583604936931,1.5274787239583054,-0.2972802369162802,-5.992032557746009,1.1568633654502072,0.35360824742268043,0.21333333333333335,0.02666666666666667,0.12000000000000001
A_F1_1_first30_mom,atomic,日内价格,开盘前30分钟收益，反映隔夜信息进入市场后的早盘价格压力。,-1.000000 * z(F1_1_first30_mom),486,0.00392174267467302,0.003291283349731437,0.08844564324709657,0.02003413429578599,0.2512086274308926,0.1241007166137627,0.5020576131687243,484,0.009692811593789524,0.007441373720356296,0.1946490402059081,-0.013708248569593988,-0.2039253194051042,0.16520640791201774,0.45867768595041325,970,0.006801327578644553,0.00536205009136281,0.14192637505760541,0.0031977288248128876,0.04334518597409315,0.1652064079120178,0.48041237113402063,0.05333333333333334,0.18666666666666668,0.12000000000000001
A_F_COMBO_7_wat,atomic,显式分钟组合,成交量加权平均交易时点与日内方向结合，刻画信息到达时段。,-1.000000 * z(F_COMBO_7_wat),486,0.004020423862882952,0.003864980684179862,0.1216196567386015,-0.029759678471294272,-0.41069048695106014,0.1661522644471456,0.4670781893004115,484,0.007893225750359983,0.005841272811275401,0.18494574110945855,-0.03438976587004683,-0.5863402343204376,0.18066416586546855,0.47107438016528924,970,0.005952832227356028,0.004851089333163616,0.15304455470532335,-0.03206994888469244,-0.48639422964938606,0.2279195007384685,0.4690721649484536,0.06666666666666667,0.16,0.11333333333333334
A_F6_4_large_trade_ratio,atomic,订单流,成交量超过分钟中位数两倍的成交占比，刻画大额执行集中度。,-1.000000 * z(F6_4_large_trade_ratio),486,0.00274502994722323,-0.014104099576721351,-0.3853853687689436,0.030788936618864556,0.5559129270236705,0.12559293845086977,0.5205761316872428,484,0.0062973441936077885,0.0005290553529752028,0.015362709557940533,0.02741818337349501,0.6067083209957703,0.11220527418506257,0.512396694214876,970,0.00451752489078006,-0.006802607838604721,-0.18749501759607495,0.029107034999525522,0.5757358622824859,0.12559293845086977,0.5164948453608248,0.013333333333333334,0.2,0.10666666666666667
A_F3_1_realized_vol,atomic,日内波动,分钟收益平方和构造的已实现波动率，刻画日内不确定性。,-1.000000 * z(F3_1_realized_vol),486,0.011678480013326427,0.03953839608411108,0.9444209193843793,-0.5308645003145747,-9.463819647875013,1.0588702784270632,0.25308641975308643,484,0.028562471171796264,0.055978535608453735,1.259967097159518,-0.11518725830121787,-2.4546798569678288,0.2553673104275403,0.4297520661157025,970,0.020103069416109315,0.04774151724883463,1.0865399800288522,-0.32345441254708535,-6.06094113614903,1.264546633000784,0.34123711340206186,0.17333333333333334,0.013333333333333334,0.09333333333333334
A_F3_2_vol_skew,atomic,日内波动,上午与下午分钟波动率之比，刻画风险释放的时段不对称。,-1.000000 * z(F3_2_vol_skew),486,0.0110364194244205,0.023955982369325876,0.7726095047166369,-0.36299812741562987,-6.411342616229505,0.7352459357200599,0.3065843621399177,484,0.0111671892057645,0.026778754210330234,0.813583523869942,-0.2132765496061391,-5.014119123211375,0.408063567747957,0.3677685950413223,970,0.011101669500884929,0.025364458215765166,0.7925406509802871,-0.2882916906529561,-5.730094403231248,1.1432757072487296,0.3371134020618557,0.14666666666666667,0.04,0.09333333333333334
A_F5_5_smart_money_vol,atomic,订单流,上涨分钟成交量占比，刻画买方订单流强弱。,-1.000000 * z(F5_5_smart_money_vol),486,0.0027661052497495488,0.03429116114453333,0.9651763107357194,-0.04012885913407836,-0.7449860103117955,0.12799915621965943,0.5,484,0.0029769710089161947,0.03049808951238687,0.8488398092895925,-0.040816676698330424,-0.9635730267039214,0.1536952941898988,0.45454545454545453,970,0.0028713207419522875,0.032398535711586025,0.9055127138896212,-0.04047205882593197,-0.8350441356618394,0.20973279852411916,0.477319587628866,0.02666666666666667,0.14666666666666667,0.08666666666666667
A_N7_count_price_corr,atomic,成交笔数,分钟收益与成交笔数的相关性，刻画上涨或下跌时交易参与是否同步放大。,-1.000000 * z(N7_count_price_corr),486,0.0050409585322986755,0.011695726787035933,0.3013582705790529,-0.1623368716023377,-2.6744035778701485,0.33163147706522317,0.4012345679012346,484,0.002389810303976479,0.00947367707577215,0.25407341476022527,-0.08526262750867306,-1.6194734055346365,0.2191712863571505,0.4359504132231405,970,0.003718117560641002,0.010586992704302254,0.27806355026451146,-0.12387920753910707,-2.17799533133102,0.5241684666005466,0.41855670103092785,0.08,0.06666666666666667,0.07333333333333333
A_N1_count_weighted_time,atomic,成交笔数,成交笔数加权平均交易时点，刻画交易活跃度集中在早盘还是尾盘。,1.000000 * z(N1_count_weighted_time),486,0.0034779476692717,0.017418664908580617,0.5847791839863545,-0.30277075337128656,-5.70970626260329,0.6180162120924845,0.3374485596707819,484,0.012492509640376263,0.03060344131692408,0.9820309283951534,-0.06859353422923845,-1.6339443957360176,0.15258989963963432,0.45867768595041325,970,0.007975935291967173,0.023997460559754054,0.7694904896778569,-0.18592356361381104,-3.840997146716628,0.7561829072869853,0.3979381443298969,0.04,0.05333333333333334,0.04666666666666667
A_F6_5_roll_spread,atomic,流动性,分钟收益负自协方差推导的Roll价差代理，刻画隐含交易成本。,1.000000 * z(F6_5_roll_spread),0,,,,,,,,0,,,,,,,,0,,,,,,,,,,
A_F_COMBO_5_close_manip,atomic,显式分钟组合,尾盘价格变化与尾盘成交量不匹配时做反向处理，检验尾盘压力修复。,1.000000 * z(F_COMBO_5_close_manip),0,,,,,,,,0,,,,,,,,0,,,,,,,,,,
